Cluster,BALANCE,BALANCE_FREQUENCY,PURCHASES,ONEOFF_PURCHASES,INSTALLMENTS_PURCHASES,CASH_ADVANCE,PURCHASES_FREQUENCY,ONEOFF_PURCHASES_FREQUENCY,PURCHASES_INSTALLMENTS_FREQUENCY,CASH_ADVANCE_FREQUENCY,CASH_ADVANCE_TRX,PURCHASES_TRX,CREDIT_LIMIT,PAYMENTS,MINIMUM_PAYMENTS,PRC_FULL_PAYMENT,TENURE
0,1012.6583270140809,0.7899240641186824,270.04178526527534,209.9372994719638,60.37144078451094,596.5099032856424,0.1701449084737239,0.08630130248931356,0.08055754815187327,0.11484596731204426,2.125471460900176,2.9031933618305255,3278.6405163019867,974.260054285391,553.9004489856676,0.07798125597183807,11.44656776464672
1,3551.153760948655,0.9868785745721271,7681.620097799511,5095.878826405868,2587.2082640586796,653.6388912102689,0.946417738386308,0.7390309095354524,0.7880603300733495,0.07128989242053789,2.0855745721271393,89.35941320293398,9696.943765281174,7288.73949684841,1972.7672875427872,0.2867074303178484,11.951100244498777
2,4602.449657777778,0.9683887878028403,501.86298245614034,320.1887969924812,181.75912280701755,4521.509581076023,0.287831962406015,0.1389106499582289,0.18567083709273183,0.48479177443609023,14.294903926482874,7.665831244778613,7546.160856687552,3484.0542157293235,2003.6744598095238,0.03488830827067669,11.386800334168756
3,894.9074584484704,0.9347342664092664,1236.1789337689338,593.9748737748738,642.4782744282744,210.57062552598754,0.8851652488862488,0.2970704775764776,0.7118420466290466,0.042573466290466294,0.7900207900207901,22.091773091773092,4213.207678207603,1332.1942053133355,639.6772577032967,0.26925750074250077,11.594594594594595
